{
  "project_info": {
    "project_number": "861968799534",
    "firebase_url": "https://socialmediaapp-74633.firebaseio.com",
    "project_id": "socialmediaapp-74633",
    "storage_bucket": "socialmediaapp-74633.appspot.com"
  },
  "client": [
    {
      "client_info": {
        "mobilesdk_app_id": "1:861968799534:android:ce3460f1fde661a0",
        "android_client_info": {
          "package_name": "com.devp.sid.socialmediaapp"
        }
      },
      "oauth_client": [
        {
          "client_id": "861968799534-bekrm7lmbvtqspk79as83o5t7jg1l5f8.apps.googleusercontent.com",
          "client_type": 1,
          "android_info": {
            "package_name": "com.devp.sid.socialmediaapp",
            "certificate_hash": "f6d7323b84301c6c6446cb6d1afc42032a2a957d"
          }
        },
        {
          "client_id": "861968799534-6e6lufjkrjsta5v9k636tiqls4khld67.apps.googleusercontent.com",
          "client_type": 3
        }
      ],
      "api_key": [
        {
          "current_key": "AIzaSyCBrp1Tpp9_0EtNvPSBicLaZHEOV9Sljuo"
        }
      ],
      "services": {
        "appinvite_service": {
          "other_platform_oauth_client": [
            {
              "client_id": "861968799534-6e6lufjkrjsta5v9k636tiqls4khld67.apps.googleusercontent.com",
              "client_type": 3
            }
          ]
        }
      }
    }
  ],
  "configuration_version": "1"
}